{
  "keyboard_name": "Let It Slide!",
  "url": "http://www.keyboard-layout-editor.com/#/gists/a9bf583ebcf8c970eae7cfc119dd2f25",
  "maintainer": "drhigsby",
  "layouts": {
          "LAYOUT_625u": {
            "layout": [{"label":"Esc", "x":0, "y":0}, {"label":"Q", "x":1, "y":0}, {"label":"W", "x":2, "y":0}, {"label":"E", "x":3, "y":0}, {"label":"R", "x":4, "y":0}, {"label":"T", "x":5, "y":0}, {"label":"Y", "x":6, "y":0}, {"label":"U", "x":7, "y":0}, {"label":"I", "x":8, "y":0}, {"label":"O", "x":9, "y":0}, {"label":"P", "x":10, "y":0}, {"label":"{", "x":11, "y":0}, {"label":"}", "x":12, "y":0}, {"label":"Back", "x":13, "y":0}, {"label":"Tab", "x":0, "y":1, "w":1.25}, {"label":"A", "x":1.25, "y":1}, {"label":"S", "x":2.25, "y":1}, {"label":"D", "x":3.25, "y":1}, {"label":"F", "x":4.25, "y":1}, {"label":"G", "x":5.25, "y":1}, {"label":"H", "x":6.25, "y":1}, {"label":"J", "x":7.25, "y":1}, {"label":"K", "x":8.25, "y":1}, {"label":"L", "x":9.25, "y":1}, {"label":":", "x":10.25, "y":1}, {"label":"\"", "x":11.25, "y":1}, {"label":"Enter", "x":12.25, "y":1, "w":1.75}, {"label":"Shift", "x":0, "y":2, "w":1.75}, {"label":"Z", "x":1.75, "y":2}, {"label":"X", "x":2.75, "y":2}, {"label":"C", "x":3.75, "y":2}, {"label":"V", "x":4.75, "y":2}, {"label":"B", "x":5.75, "y":2}, {"label":"N", "x":6.75, "y":2}, {"label":"M", "x":7.75, "y":2}, {"label":"<", "x":8.75, "y":2}, {"label":">", "x":9.75, "y":2}, {"label":"?", "x":10.75, "y":2}, {"label":"Shift", "x":11.75, "y":2, "w":1.25}, {"label":"&uarr;", "x":13, "y":2}, {"label":"Ctrl", "x":0, "y":3}, {"label":"Win", "x":1, "y":3}, {"label":"Alt", "x":2, "y":3}, {"label":"", "x":3, "y":3, "w":6.25}, {"label":"Fn", "x":9.25, "y":3, "w":1.25}, {"label":"Any", "x":10.5, "y":3, "w":1.25}, {"label":"&larr;", "x":12, "y":3}, {"label":"&darr;", "x":13, "y":3}, {"label":"&rarr;", "x":14, "y":3}]
        },

           "LAYOUT_225u_2u": {
            "layout": [{"label":"Esc", "x":0, "y":0}, {"label":"Q", "x":1, "y":0}, {"label":"W", "x":2, "y":0}, {"label":"E", "x":3, "y":0}, {"label":"R", "x":4, "y":0}, {"label":"T", "x":5, "y":0}, {"label":"Y", "x":6, "y":0}, {"label":"U", "x":7, "y":0}, {"label":"I", "x":8, "y":0}, {"label":"O", "x":9, "y":0}, {"label":"P", "x":10, "y":0}, {"label":"{", "x":11, "y":0}, {"label":"}", "x":12, "y":0}, {"label":"Back", "x":13, "y":0}, {"label":"Tab", "x":0, "y":1, "w":1.25}, {"label":"A", "x":1.25, "y":1}, {"label":"S", "x":2.25, "y":1}, {"label":"D", "x":3.25, "y":1}, {"label":"F", "x":4.25, "y":1}, {"label":"G", "x":5.25, "y":1}, {"label":"H", "x":6.25, "y":1}, {"label":"J", "x":7.25, "y":1}, {"label":"K", "x":8.25, "y":1}, {"label":"L", "x":9.25, "y":1}, {"label":":", "x":10.25, "y":1}, {"label":"\"", "x":11.25, "y":1}, {"label":"Enter", "x":12.25, "y":1, "w":1.75}, {"label":"Shift", "x":0, "y":2, "w":1.75}, {"label":"Z", "x":1.75, "y":2}, {"label":"X", "x":2.75, "y":2}, {"label":"C", "x":3.75, "y":2}, {"label":"V", "x":4.75, "y":2}, {"label":"B", "x":5.75, "y":2}, {"label":"N", "x":6.75, "y":2}, {"label":"M", "x":7.75, "y":2}, {"label":"<", "x":8.75, "y":2}, {"label":">", "x":9.75, "y":2}, {"label":"?", "x":10.75, "y":2}, {"label":"Shift", "x":11.75, "y":2, "w":1.25}, {"label":"&uarr;", "x":13, "y":2}, {"label":"Ctrl", "x":0, "y":3}, {"label":"Win", "x":1, "y":3}, {"label":"Alt", "x":2, "y":3}, {"x":3, "y":3}, {"label":"", "x":4, "y":3, "w":2.25}, {"label":"", "x":6.25, "y":3, "w":2}, {"x":8.25, "y":3}, {"label":"Fn", "x":9.25, "y":3, "w":1.25}, {"label":"Any", "x":10.5, "y":3, "w":1.25}, {"label":"&larr;", "x":12, "y":3}, {"label":"&darr;", "x":13, "y":3}, {"label":"&rarr;", "x":14, "y":3}]
        },

          "LAYOUT_2x3u": {
            "layout": [{"label":"Esc", "x":0, "y":0}, {"label":"Q", "x":1, "y":0}, {"label":"W", "x":2, "y":0}, {"label":"E", "x":3, "y":0}, {"label":"R", "x":4, "y":0}, {"label":"T", "x":5, "y":0}, {"label":"Y", "x":6, "y":0}, {"label":"U", "x":7, "y":0}, {"label":"I", "x":8, "y":0}, {"label":"O", "x":9, "y":0}, {"label":"P", "x":10, "y":0}, {"label":"{", "x":11, "y":0}, {"label":"}", "x":12, "y":0}, {"label":"Back", "x":13, "y":0}, {"label":"Tab", "x":0, "y":1, "w":1.25}, {"label":"A", "x":1.25, "y":1}, {"label":"S", "x":2.25, "y":1}, {"label":"D", "x":3.25, "y":1}, {"label":"F", "x":4.25, "y":1}, {"label":"G", "x":5.25, "y":1}, {"label":"H", "x":6.25, "y":1}, {"label":"J", "x":7.25, "y":1}, {"label":"K", "x":8.25, "y":1}, {"label":"L", "x":9.25, "y":1}, {"label":":", "x":10.25, "y":1}, {"label":"\"", "x":11.25, "y":1}, {"label":"Enter", "x":12.25, "y":1, "w":1.75}, {"label":"Shift", "x":0, "y":2, "w":1.75}, {"label":"Z", "x":1.75, "y":2}, {"label":"X", "x":2.75, "y":2}, {"label":"C", "x":3.75, "y":2}, {"label":"V", "x":4.75, "y":2}, {"label":"B", "x":5.75, "y":2}, {"label":"N", "x":6.75, "y":2}, {"label":"M", "x":7.75, "y":2}, {"label":"<", "x":8.75, "y":2}, {"label":">", "x":9.75, "y":2}, {"label":"?", "x":10.75, "y":2}, {"label":"Shift", "x":11.75, "y":2, "w":1.25}, {"label":"&uarr;", "x":13, "y":2}, {"label":"Ctrl", "x":0, "y":3}, {"label":"Win", "x":1, "y":3}, {"x":2, "y":3, "w":1.25}, {"label":"", "x":3.25, "y":3, "w":3}, {"label":"", "x":6.25, "y":3, "w":3}, {"label":"Fn", "x":9.25, "y":3, "w":1.25}, {"label":"Any", "x":10.5, "y":3, "w":1.25}, {"label":"&larr;", "x":12, "y":3}, {"label":"&darr;", "x":13, "y":3}, {"label":"&rarr;", "x":14, "y":3}]
        }
    }
}
